{
    "leaderboard": [
        {
            "name": "TJV",
            "time": 25.08605194091797
        },
        {
            "name": "FJK",
            "time": 28.361831665039064
        },
        {
            "name": "DEV",
            "time": 28.591514587402345
        },
        {
            "name": "TJV",
            "time": 28.620586395263673
        },
        {
            "name": "TJV",
            "time": 28.66793441772461
        },
        {
            "name": "FJK",
            "time": 29.883651733398439
        },
        {
            "name": "got",
            "time": 29.940330505371095
        },
        {
            "name": "got",
            "time": 29.940330505371095
        },
        {
            "name": "got",
            "time": 30.321659088134767
        },
        {
            "name": "TJV",
            "time": 30.7406005859375
        },
        {
            "name": "JJB",
            "time": 31.54996681213379
        },
        {
            "name": "got",
            "time": 31.680395126342775
        },
        {
            "name": "got",
            "time": 31.680395126342775
        },
        {
            "name": "JJB",
            "time": 32.83858871459961
        },
        {
            "name": "GUE",
            "time": 32.987770080566409
        },
        {
            "name": "tjv",
            "time": 33.24073791503906
        },
        {
            "name": "JJB",
            "time": 34.38043212890625
        },
        {
            "name": "JJB",
            "time": 38.32044219970703
        },
        {
            "name": "FJK",
            "time": 39.62151336669922
        },
        {
            "name": "tjv",
            "time": 40.271400451660159
        },
        {
            "name": "tjv",
            "time": 40.271400451660159
        },
        {
            "name": "JJB",
            "time": 40.39924621582031
        },
        {
            "name": "JJB",
            "time": 55.93943786621094
        },
        {
            "name": "EXA",
            "time": 100.0
        }
    ]
}